<?xml version="1.0" encoding="utf-8"?>
<extension type="component" version="3.0" method="upgrade">
    <name>Slideshow</name>
    <creationDate>2015-10-12</creationDate>
    <copyright>Copyright (C) 2014. All rights reserved.</copyright>
    <license>GNU General Public License version 2 or later;</license>
    <author>Sensiple</author>
    <authorEmail>admin@sensiple.com</authorEmail>
    <authorUrl>http://www.sensiple.com</authorUrl>
    <version>1.0</version>
    <description>This is a component to manage homepage slideshow.</description>
    
    <install> <!-- Runs on install -->
        <sql>
            <file driver="mysql" charset="utf8">sql/install.sql</file>
        </sql>
    </install>
    <uninstall> <!-- Runs on uninstall -->
        <sql>
            <file driver="mysql" charset="utf8">sql/uninstall.sql</file>
        </sql>
    </uninstall>

    <administration>
		<menu>COM_SLIDESHOW</menu>
        <files folder="administrator">
            <filename>access.xml</filename>
            <filename>config.xml</filename>
            <filename>controller.php</filename>
            <filename>index.html</filename>
            <filename>slideshow.php</filename>
            <folder>controllers</folder>
            <folder>assets</folder>
            <folder>helpers</folder>
            <folder>models</folder>
            <folder>sql</folder>
            <folder>tables</folder>
            <folder>views</folder>
        </files>
        <languages folder="administrator">
			<language tag="en-GB">language/en-GB/en-GB.com_slideshow.ini</language>
			<language tag="en-GB">language/en-GB/en-GB.com_slideshow.sys.ini</language>
        </languages>
    </administration>
</extension>