<?xml version="1.0" encoding="utf-8"?>
<extension type="module" version="1.6.0" client="site" method="upgrade">
	<name>PC HelpDesk Request Form</name>
	<author>Sensiple</author>
	<creationDate>30 June 2016</creationDate>
	<copyright>Copyright (C) 2016 sensiple.com. All rights reserved.</copyright>
	<authorEmail>contact@sensiple.com</authorEmail>
	<authorUrl>www.sensiple.com</authorUrl>
	<version>1.0</version>
	<description>PC HelpDesk Request Form</description>
	<languages>
		<language tag="en-GB">language/en-GB.mod_helpdesk.ini</language>
	</languages>	
	<files>
		<filename module="mod_helpdesk">mod_helpdesk.php</filename>
		<filename>helper.php</filename>
		<filename>index.html</filename>
		<folder>tmpl</folder>
		<folder>assets</folder>
	</files>
	<config>
		<fields name="params">
			<fieldset name="Basic">
				<field name="email" type="text" size="30" default="" label="ADMIN_EMAIL" description="ADMIN_EMAIL_DESC" />
				<field name="success" type="text" size="30" default="Email was sent successfully." label="SUCCESS_NOTICE" description="SUCCESS_NOTICE"/>
				<field name="failed" type="text" size="30" default="Email could not be sent." label="FAILED_NOTICE" description="FAILED_NOTICE"/>
			</fieldset>
			
			<fieldset name="advanced">
				<field name="moduleclass_sfx" type="text" label="COM_MODULES_FIELD_MODULECLASS_SFX_LABEL" description="COM_MODULES_FIELD_MODULECLASS_SFX_DESC" />
				<field name="cache" type="list" default="1" label="COM_MODULES_FIELD_CACHING_LABEL" description="COM_MODULES_FIELD_CACHING_DESC">
					<option value="1">JGLOBAL_USE_GLOBAL</option>
					<option value="0">COM_MODULES_FIELD_VALUE_NOCACHING</option>
				</field>
				<field name="cache_time" type="text" default="900" label="COM_MODULES_FIELD_CACHE_TIME_LABEL" description="COM_MODULES_FIELD_CACHE_TIME_DESC" />
				<field name="cachemode" type="hidden" default="itemid">
					<option value="itemid"></option>
				</field>
			</fieldset>
		</fields>
	</config>
</extension>