<?xml version="1.0" encoding="utf-8"?>
<extension type="module" version="3.1.0" client="site" method="upgrade">
    <name>Warrant Search</name>
    <author>Sensiple</author>
    <version>1.0</version>
    <description>A simple module that is used for warrant search.</description>
    <files>
        <filename>mod_warrant_search.xml</filename>
        <filename module="mod_warrant_search">mod_warrant_search.php</filename>
        <filename>index.html</filename>
        <filename>helper.php</filename>
        <filename>tmpl/default.php</filename>
        <filename>tmpl/index.html</filename>
		<filename>css/warrant_search.css</filename>
    </files>
	<config>
        <fields name="params">
			<fieldset name="basic">
				<field type="spacer" name="post_database_settings" label="Database Settings" />
				<field name="db_hostname" type="text"  default="" label="Host Name" description="Enter the Database Host Name" />
				<field name="db_port" type="text"  default="" label="Port" description="Enter the Database Port Number" />
				<field name="db_name" type="text"  default="" label="Database Name" description="Enter the Database Name" />
				<field name="db_user" type="text"  default="" label="Database Username" description="Enter the Database Username" />
				<field name="db_password" type="password"  default="" label="Database Password" description="Enter the Database Password" />
			</fieldset>
            <fieldset name="advanced">
                <field
                        name="layout"
                        type="modulelayout"
                        label="JFIELD_ALT_LAYOUT_LABEL"
                        description="JFIELD_ALT_MODULE_LAYOUT_DESC"/>
                <field
                        name="moduleclass_sfx"
                        type="text"
                        label="COM_MODULES_FIELD_MODULECLASS_SFX_LABEL"
                        description="COM_MODULES_FIELD_MODULECLASS_SFX_DESC"/>                
            </fieldset>
        </fields>
    </config>
</extension>
