<?xml version="1.0" encoding="utf-8"?>
<extension type="component" version="3.0" method="upgrade">
    <name>COM_CLIENTRESOURCE</name>
    <creationDate>2016-Feb-16</creationDate>
    <copyright>Copyright (C) 2016. All rights reserved.</copyright>
    <license>GNU General Public License version 2 or later;</license>
    <author>Sensiple</author>
    <authorEmail>admin@sensiple.com</authorEmail>
    <authorUrl>http://www.sensiple.com</authorUrl>
    <version>1.0</version>
    <description>COM_CLIENTRESOURCE_XML_DESCRIPTION</description>
    
    <install> <!-- Runs on install -->
        <sql>
            <file driver="mysql" charset="utf8">sql/install.sql</file>
        </sql>
    </install>
    <uninstall> <!-- Runs on uninstall -->
        <sql>
            <file driver="mysql" charset="utf8">sql/uninstall.sql</file>
        </sql>
    </uninstall>
	
    <administration>
		<menu>COM_CLIENTRESOURCE</menu>
		<submenu>
			<menu img="../components/com_clientresource/assets/images/icon-16-manager.png" link="option=com_clientresource">COM_CLIENTRESOURCE_MANAGER_INFO</menu>
			<menu img="../components/com_clientresource/assets/images/icon-16-departments.png" link="option=com_clientresource&amp;view=departments">COM_CLIENTRESOURCE_DEPARTMENTS</menu>	
		</submenu>
        <files folder="administrator">
            <filename>access.xml</filename>
            <filename>config.xml</filename>
            <filename>controller.php</filename>
            <filename>index.html</filename>
            <filename>clientresource.php</filename>
            <folder>controllers</folder>
            <folder>assets</folder>
            <folder>helpers</folder>
            <folder>models</folder>
            <folder>sql</folder>
            <folder>tables</folder>
            <folder>views</folder>
        </files>
        <languages folder="administrator">
			<language tag="en-GB">language/en-GB/en-GB.com_clientresource.ini</language>
			<language tag="en-GB">language/en-GB/en-GB.com_clientresource.sys.ini</language>
        </languages>
    </administration>
</extension>