<?xml version="1.0" encoding="utf-8"?>
<extension type="module" version="1.0.0">
	<name>Event Search</name> 
    <author>Sensiple</author> 
    <creationDate>09 Dec 2016</creationDate> 
	<copyright>All rights reserved.</copyright> 
 	<authorEmail>admin@seniple.com</authorEmail> 
  	<authorUrl>http://www.sensiple.com</authorUrl> 
 	<version>1.0</version> 
 	<description>Event Search - This module is used to search the Event records based on the form input and display the records in the table form. Also, provided an option to download and print as PDF.</description>
 	
    <!-- Listing of all files that should be installed for the module to function -->
    <files>
    	<filename module="mod_event_search">mod_event_search.php</filename>
        <filename>index.html</filename>
		<filename>helper.php</filename>
        <folder>tmpl/</folder>
		<folder>js</folder>
		<folder>css</folder>
		<folder>images</folder>
		<folder>fonts</folder>
 	</files>
	<config>
		<fields name="params">
			<fieldset name="advanced">
				<field name="moduleclass_sfx" type="text" label="COM_MODULES_FIELD_MODULECLASS_SFX_LABEL" description="COM_MODULES_FIELD_MODULECLASS_SFX_DESC" />
                <field name="cache" type="list" default="1" label="COM_MODULES_FIELD_CACHING_LABEL" description="COM_MODULES_FIELD_CACHING_DESC">
                    <option value="1">JGLOBAL_USE_GLOBAL</option>
                    <option value="0">COM_MODULES_FIELD_VALUE_NOCACHING</option>
                </field>
                <field name="cache_time" type="text" default="900" label="COM_MODULES_FIELD_CACHE_TIME_LABEL" description="COM_MODULES_FIELD_CACHE_TIME_DESC" />
			</fieldset>
		</fields>
	</config>
</extension>