<?xml version="1.0" encoding="utf-8"?>
<extension type="module" version="1.0.0">
	<name>Contact Form with Captcha and Email</name> 
    <author>Sensiple</author> 
    <creationDate>2016-07-31</creationDate> 
	<copyright>All rights reserved.</copyright> 
 	<authorEmail>admin@seniple.com</authorEmail> 
  	<authorUrl>http://www.sensiple.com</authorUrl> 
 	<version>1.0</version> 
 	<description>Contact Form with Captcha and Email.</description>
 	
    <!-- Listing of all files that should be installed for the module to function -->
    <files>
    	<filename module="mod_contact">mod_contact.php</filename>
        <filename>index.html</filename>
		<filename>helper.php</filename>
		<filename>recaptchalib.php</filename>
        <folder>tmpl/</folder>
		<folder>css</folder>
 	</files>
	<config>
		<fields name="params">
			<fieldset name="basic">
				<field name="default_subject" type="text"  default="" label="Default Subject" description="Enter the default subject." />
				<field name="admin_email" type="text"  default="" label="Admin Email" description="Enter the admin email address." />
				<field name="copy_email" type="checkbox"  default="" label="Copy Email Checkbox" description="Copy Email Checkbox." />
				<field name="success_message" type="text"  default="Thank you for your submission." label="Success message" description="Enter the Success message." />
				<field name="error_message" type="text"  default="There was some problem in submission. Please refresh the page and submit the form again." label="Error message" description="Enter the error message." />
			</fieldset>
			
			<fieldset name="captcha" label="Captcha">
				<field name="private_key" type="text"  default="" label="Private Key" description="Enter the private key." />
				<field name="public_key" type="text"  default="" label="Public Key" description="Enter the public key." />
			</fieldset>
			
			<fieldset name="advanced">
				<field name="moduleclass_sfx" type="text" label="COM_MODULES_FIELD_MODULECLASS_SFX_LABEL" description="COM_MODULES_FIELD_MODULECLASS_SFX_DESC" />
                <field name="cache" type="list" default="1" label="COM_MODULES_FIELD_CACHING_LABEL" description="COM_MODULES_FIELD_CACHING_DESC">
                    <option value="1">JGLOBAL_USE_GLOBAL</option>
                    <option value="0">COM_MODULES_FIELD_VALUE_NOCACHING</option>
                </field>
                <field name="cache_time" type="text" default="900" label="COM_MODULES_FIELD_CACHE_TIME_LABEL" description="COM_MODULES_FIELD_CACHE_TIME_DESC" />

			</fieldset>
		</fields>
	</config>
</extension>