<?xml version="1.0" encoding="utf-8"?>
<extension type="module" version="3.1" client="site" method="upgrade">
	<name>Social Sharing</name>
	<author>Sensiple</author>
	<copyright>Copyright (C) 2014.</copyright>
	<license>http://www.gnu.org/copyleft/gpl.html</license>
	<authorEmail>admin@sensiple.com</authorEmail>
	<authorUrl>http://www.sensiple.com</authorUrl>
	<version>1.0</version>
    <creationDate>30 July 2014</creationDate>
	<description><![CDATA[
    <p>Simple module to share the site url with other social media sites.</p>
    ]]></description>
	
	<files>
		<filename module="mod_socialsharing">mod_socialsharing.php</filename>
		<filename>index.html</filename>
		<filename>helper.php</filename>
		<folder>language</folder>
		<folder>tmpl</folder>
		<filename>style.css</filename>
	</files>

	<config>
		<fields name="params">
			<fieldset name="basic"></fieldset>
			
			<!-- Facebook Settings -->
			
			<fieldset name="facebook_like_section" label="Facebook">
                <field name="facebookLikeButton" type="radio" default="0" label="Display Button" description="Set this option to yes to display this button." class="btn-group">
                   <option value="0">JNO</option>
                   <option value="1">JYES</option>
                </field>
                <!--<field name="facebookLikeRenderer" type="list" default="2" label="MOD_ITPSHARE_FACEBOOK_RENDERER" description="MOD_ITPSHARE_FACEBOOK_RENDERER_DESC" >
                   <option value="0">iframe</option>
                   <option value="1">XFBML</option>
                   <option value="2">HTML5</option>
                </field>-->
                <field name="facebookLikeType" type="list" default="button_count" label="MOD_ITPSHARE_FACEBOOK_TYPE" description="MOD_ITPSHARE_FACEBOOK_TYPE_DESC" >
                    <option value="standard">MOD_ITPSHARE_STANDARD</option>
                    <option value="box_count">MOD_ITPSHARE_BOX_COUNT</option>
                    <option value="button_count">MOD_ITPSHARE_BUTTON_COUNT</option>
                    <option value="button">MOD_ITPSHARE_BUTTON</option>
                </field>
                <field name="facebookLikeWidth" type="text" default="90" label="MOD_ITPSHARE_FACEBOOK_WIDTH" description="MOD_ITPSHARE_FACEBOOK_WIDTH_DESC" />
                
                <field name="facebookLikeAppId" type="text" default="" label="MOD_ITPSHARE_FACEBOOK_APP_ID" description="MOD_ITPSHARE_FACEBOOK_APP_ID_DESC" />
                <field name="facebookLikeShare" type="radio" default="0" label="MOD_ITPSHARE_FACEBOOK_SHARE_BUTTON" description="MOD_ITPSHARE_FACEBOOK_SHARE_BUTTON" class="btn-group">
                   <option value="0">JNO</option>
                   <option value="1">JYES</option>
                </field>
            </fieldset>
			
			<!-- Twitter Settings -->
			
            <fieldset name="twitter_section" label="MOD_ITPSHARE_TWITTER_SETTINGS">
                <field name="twitterButton" type="radio" default="0" label="MOD_ITPSHARE_DISPLAY_BUTTON" description="MOD_ITPSHARE_DISPLAY_BUTTON_DESC" class="btn-group">
                   <option value="0">JNO</option>
                   <option value="1">JYES</option>
                </field>
                <field name="twitterName" type="text" default="" size="80" label="MOD_ITPSHARE_TWITTER_NAME" description="MOD_ITPSHARE_TWITTER_NAME_DESC" />
                <field name="twitterRecommend" type="text" default="" size="80" label="MOD_ITPSHARE_TWITTER_RECOMMEND" description="MOD_ITPSHARE_TWITTER_RECOMMEND_DESC" />
                <field name="twitterHashtag" type="text" default="" size="80" label="MOD_ITPSHARE_TWITTER_HASHTAGS" description="MOD_ITPSHARE_TWITTER_HASHTAGS_DESC" />
                <field name="twitterSize" type="list" default="small" label="MOD_ITPSHARE_TWITTER_SIZE" description="MOD_ITPSHARE_TWITTER_SIZE_DESC" >
                   <option value="small">MOD_ITPSHARE_SMALL</option>
                   <option value="large">MOD_ITPSHARE_LARGE</option>
                </field>
                <field name="twitterCounter" type="list" default="horizontal" label="MOD_ITPSHARE_TWITTER_COUNTER" description="MOD_ITPSHARE_TWITTER_COUNTER_DESC" >
                   <option value="none">JHIDE</option>
                   <option value="vertical">MOD_ITPSHARE_VERTICAL</option>
                   <option value="horizontal">MOD_ITPSHARE_HORIZONTAL</option>
                </field>
            </fieldset>
			
			<!-- LinkedIn Settings -->
            
            <fieldset name="linkedin_section" label="MOD_ITPSHARE_LINKEDIN_SETTINGS">
                <field name="linkedInButton" type="radio" default="0" label="MOD_ITPSHARE_DISPLAY_BUTTON" description="MOD_ITPSHARE_DISPLAY_BUTTON_DESC" class="btn-group">
                   <option value="0">JNO</option>
                   <option value="1">JYES</option>
                </field>
                <field name="linkedInType" type="list" default="right" label="MOD_ITPSHARE_LINKEDIN_TYPE" description="MOD_ITPSHARE_LINKEDIN_TYPE_DESC" >
                   <option value="none">MOD_ITPSHARE_COUNTER_NONE</option>
                   <option value="top">MOD_ITPSHARE_COUNTER_TOP</option>
                   <option value="right">MOD_ITPSHARE_COUNTER_RIGHT</option>
                </field>  
            </fieldset>
            
            <!-- Google Plus Settings -->
            
            <fieldset name="google_one_section" label="MOD_ITPSHARE_GOOGLE_ONE_SETTINGS">
                <field name="plusButton" type="radio" default="0" label="MOD_ITPSHARE_DISPLAY_BUTTON" description="MOD_ITPSHARE_DISPLAY_BUTTON_DESC" class="btn-group">
                   <option value="0">JNO</option>
                   <option value="1">JYES</option>
                </field>
                <field name="plusRenderer" type="list" default="0" label="MOD_ITPSHARE_GOOGLE_ONE_RENDERER" description="MOD_ITPSHARE_GOOGLE_ONE_RENDERER_DESC" >
                   <option value="0">HTML5</option>
                   <option value="1">MOD_ITPSHARE_STANDARD</option>
                </field>
                <field name="plusType" type="list" default="medium" label="MOD_ITPSHARE_GOOGLE_ONE_STYLE" description="MOD_ITPSHARE_GOOGLE_ONE_STYLE_DESC" >
                   <option value="small">MOD_ITPSHARE_SMALL_15</option>
                   <option value="standart">MOD_ITPSHARE_STANDARD_24</option>
                   <option value="medium">MOD_ITPSHARE_MEDIUM_20</option>
                   <option value="tall">MOD_ITPSHARE_TALL_60</option>
                </field>
                
                <field name="plusAnnotation" type="list" default="" label="MOD_ITPSHARE_GOOGLE_ONE_ANNOTATION" description="MOD_ITPSHARE_GOOGLE_ONE_ANNOTATION_DESC" >
                   <option value="">MOD_ITPSHARE_BUBBLE</option>
                   <option value="inline">MOD_ITPSHARE_INLINE</option>
                   <option value="none">MOD_ITPSHARE_NONE</option>
                </field>
                
                
                
                <field name="loadGoogleJsLib" type="radio" default="1" label="MOD_ITPSHARE_GOOGLE_LOAD_JS" description="MOD_ITPSHARE_GOOGLE_LOAD_JS_DESC" class="btn-group">
                    <option value="0">JNO</option>
                    <option value="1">JYES</option>
                </field>
                
            </fieldset>
            
            <fieldset name="pinterest_section" label="MOD_ITPSHARE_PINTEREST_SETTINGS">
                <field name="pinterestButton" type="radio" default="0" label="MOD_ITPSHARE_DISPLAY_BUTTON" description="MOD_ITPSHARE_DISPLAY_BUTTON_DESC" class="btn-group">
                   <option value="0">JNO</option>
                   <option value="1">JYES</option>
                </field>
                <field name="pinterestImages" type="list" default="one" label="MOD_ITPSHARE_PINTEREST_IMAGES" description="MOD_ITPSHARE_PINTEREST_IMAGES_DESC" >
                   <option value="one">MOD_ITPSHARE_ONE_IMAGE</option>
                   <option value="any">MOD_ITPSHARE_ANY_IMAGE</option>
                </field>
                <field name="pinterestType" type="list" default="none" label="MOD_ITPSHARE_PINTEREST_TYPE" description="MOD_ITPSHARE_PINTEREST_TYPE_DESC" >
                   <option value="none">MOD_ITPSHARE_NOT_SHOWN</option>
                   <option value="above">MOD_ITPSHARE_ABOVE_BUTTON</option>
                   <option value="beside">MOD_ITPSHARE_BESIDE_BUTTON</option>
                </field>
                <field name="loadPinterestJsLib" type="radio" default="1" label="MOD_ITPSHARE_PINTEREST_JS" description="MOD_ITPSHARE_PINTEREST_LOAD_JS_DESC" class="btn-group">
                    <option value="0">JNO</option>
                    <option value="1">JYES</option>
                </field>
            </fieldset>
            
			<fieldset name="advanced">
				<field name="moduleclass_sfx" type="text" label="COM_MODULES_FIELD_MODULECLASS_SFX_LABEL" description="COM_MODULES_FIELD_MODULECLASS_SFX_DESC" />
                <field name="cache" type="list" default="1" label="COM_MODULES_FIELD_CACHING_LABEL" description="COM_MODULES_FIELD_CACHING_DESC">
                    <option value="1">JGLOBAL_USE_GLOBAL</option>
                    <option value="0">COM_MODULES_FIELD_VALUE_NOCACHING</option>
                </field>
                <field name="cache_time" type="text" default="900" label="COM_MODULES_FIELD_CACHE_TIME_LABEL" description="COM_MODULES_FIELD_CACHE_TIME_DESC" />

			</fieldset>
		</fields>
	</config>
</extension>