<?xml version="1.0" encoding="utf-8"?>
<extension type="module" version="3.1.0" client="site" method="upgrade">
    <name>Text Slider</name>
    <author>Sensiple</author>
    <version>1.0</version>
	<creationDate>2014-04-07</creationDate>
	<authorEmail>admin@seniple.com</authorEmail>
    <description>A module to display the text slider in the front end.</description>
    <files>
        <filename>mod_textslider.xml</filename>
        <filename module="mod_textslider">mod_textslider.php</filename>
        <filename>index.html</filename>
        <filename>helper.php</filename>
		<folder>js</folder>
		<folder>css</folder>
		<folder>images</folder>
        <filename>tmpl/default.php</filename>
        <filename>tmpl/index.html</filename>
    </files>
	<config>
        <fields name="params">
			<fieldset name="basic">
				<field type="spacer" name="post_default_settings" label="&lt;h3&gt;Default Settings&lt;/h3&gt;" />
				<field name="animation_style" type="list" default="1" label="Animation Style" description="Select the Animation Style (Slide/Fade)">
					<option value="fade">Fade</option>
					<option value="slide">Slide</option>
				</field>
				<field name="slide_speed" type="text"  default="" label="Slide Speed" description="Enter the slideshow speed in milli seconds" />
				<field name="animation_speed" type="text"  default="" label="Animation Speed" description="Enter the animation speed in milli seconds" />
				<field name="count" type="text"  default="" label="Number of items" description="Enter the number items to be displayed in the slider" />
				
				<field name="show_pager" type="list" default="1" label="Show Pager" description="Select whether you need a pager or not (Yes/No)">
					<option value="1">Yes</option>
					<option value="0">No</option>
				</field>
				
				
			</fieldset>
            <fieldset name="advanced">
                <field
                        name="layout"
                        type="modulelayout"
                        label="JFIELD_ALT_LAYOUT_LABEL"
                        description="JFIELD_ALT_MODULE_LAYOUT_DESC"/>
                <field
                        name="moduleclass_sfx"
                        type="text"
                        label="COM_MODULES_FIELD_MODULECLASS_SFX_LABEL"
                        description="COM_MODULES_FIELD_MODULECLASS_SFX_DESC"/>                
            </fieldset>
        </fields>
    </config>
</extension>