<?xml version="1.0" encoding="utf-8"?>
<!DOCTYPE install PUBLIC "-//Joomla! 1.7//DTD template 1.0//EN" "http://www.joomla.org/xml/dtd/1.7/template-install.dtd">
<extension version="1.7" type="template" client="site">
    <name>Parent Class</name>
    <version>1.0</version>
    <creationDate>19 Dec 2016</creationDate>
    <author>Sensiple</author>
    <authorUrl>http://www.sensiple.com</authorUrl>
    <copyright>2016</copyright>
	<description><p>Custom template for Parent class registration website.</p></description>
	<files>
		<filename>index.php</filename>
		<filename>favicon.ico</filename>
		<filename>template_thumbnail.png</filename>
		<filename>templateDetails.xml</filename>
		<folder>css</folder>
		<folder>images</folder>
		<folder>js</folder>
		<folder>html</folder>
	</files>
	<positions>
		<position>menu</position>
		<position>event_search</position>
		<position>event_reports</position>
	</positions>
</extension>