<?xml version="1.0" encoding="utf-8"?>
<extension type="module" version="2.5" client="site" method="upgrade">
	<name>Twitter Feeds</name>
	<author>Sensiple</author>
    <creationDate>16 July 2014</creationDate>
    <copyright>Copyright (C) 2014 Sensiple.com. All rights reserved.</copyright>
    <license>http://www.gnu.org/licenses/gpl-2.0.html GNU/GPL</license>
    <authorEmail>admin@sensiple.com</authorEmail>
    <authorUrl>http://www.sensiple.com</authorUrl>
    <version>1.0</version>
	<description><![CDATA[ 
		<h2>To use this module, please follow the steps bellow:</h2>
		<p>1) Register at <a href="https://dev.twitter.com/apps/new" target="_blank">https://dev.twitter.com/apps/new</a> and create a new app.</p>
		<p>2) After registering, fill in App name, e.g. "sample_twitter_app", description, e.g "Sample Twitter App", and write the address of your website. Check "I agree" next to their terms of service and click "create your Twitter application"</p>
		<p>3) After this you app will be created. Click "Create my access token" and you should see at the bottom "access token" and "access token secret". Refresh the page if you don't see them.</p>
		<p>4) Copy the following details "Consumer key", "Consumer secret", "Access token" and "Access secret" and paste the same in the module setting page.</p>
	]]></description>
	<files>
		<filename module="mod_twitterfeeds">mod_twitterfeeds.php</filename>
		<folder>resources</folder>
		<folder>css</folder>
		<folder>tmpl</folder>
		<filename>helper.php</filename>
		<filename>mod_twitterfeeds.xml</filename>
	</files>
	<config>
		<fields name="params">
			<fieldset name="basic">
				<field type="spacer" name="&lt;div style=&quot;background-color: #ddd;padding: 5px; text-align:center; font-weight:bold;&quot;&gt;Twitter Authentication Settings (Mandatory)&lt;/div&gt;" />
				<field name="consumer_key" type="text" required="TRUE" default="" label="Consumer key" description="Enter your Consumer key (get it from https://dev.twitter.com/apps/new)" />
				<field name="consumer_secret" type="text" default="" label="Consumer secret" description="Enter your Consumer secret (get it from https://dev.twitter.com/apps/new)" />
				<field name="access_token" type="text" default="" label="Access token" description="Enter the Access token for your APP (get it from https://dev.twitter.com/apps/new)" />
				<field name="access_secret" type="text" default="" label="Access token secret" description="Enter the Access token secret for your APP (get it from https://dev.twitter.com/apps/new)" />
				<!--<field type="spacer" name="&lt;div style=&quot;background-color: #ddd; padding: 5px; text-align:center;font-weight:bold;&quot;&gt;Twitter Widget Settings&lt;/div&gt;" />
				<field name="type" type="list" default="1" label="Widget type" description="Choose Timeline to display tweets of a specific user. Choose Search to get results about some query">
					<option value="1">Timeline</option>
					<option value="0">Search</option>
				</field>-->
				<field name="username" type="text" default="twitter" label="Username" description="Twitter username for which you want to display tweets" />
				<!--<field name="query" type="text" default="" label="Search query" description="Query to be searched if widget type is set to Search" />
				<field name="title" type="text" default="" label="Search title" description="Search title to be displayed in the header" />-->
				<!--<field name="link_title" type="list" default="1" label="Link search title" description="When set to yes, title will be link to the search query on Twitte">
					<option value="1">Yes</option>
					<option value="0">No</option>
				</field>-->
				<field name="count" type="text" default="5" label="Count" description="Number of Tweets to display" />
				<field type="spacer" name="&lt;div style=&quot;background-color: #ddd; padding: 5px; text-align:center; color: #000; font-weight:bold;&quot;&gt;Module appearance &lt;/div&gt;" />
				<field name="reply" type="list" default="1" label="Reply link" description="Should reply link be shown?">
					<option value="1">Yes</option>
					<option value="0">No</option>
				</field>
				<field name="retweet" type="list" default="1" label="Retweet link" description="Should retweet link be shown?">
					<option value="1">Yes</option>
					<option value="0">No</option>
				</field>
				<field name="favorite" type="list" default="1" label="Favorite link" description="Should favorite link be shown?">
					<option value="1">Yes</option>
					<option value="0">No</option>
				</field>
				
				<field type="spacer" name="&lt;div style=&quot;background-color: #ddd;padding: 5px; text-align:center; color: #000; font-weight:bold;&quot;&gt;Color options &lt;/div&gt;" />
				<field name="bgd_color" type="color" default="#ffffff" label="Background color" description="Module background color. Default is white" />
				<field name="link_color" type="color" default="#0084B4" label="Link color" description="Link color. Default is variation of blue" />
				<field name="border_color" type="color" default="#cccccc" label="Border color" description="Border color, default is light gray" />
				<field name="text_color" type="color" default="#333333" label="Text color" description="Text color, default is dark gray" />
				
			</fieldset>
			
			<fieldset name="advanced">
				<field name="layout" type="modulelayout" label="JFIELD_ALT_LAYOUT_LABEL" description="JFIELD_ALT_MODULE_LAYOUT_DESC" />
				<field name="moduleclass_sfx" type="text" label="COM_MODULES_FIELD_MODULECLASS_SFX_LABEL" description="COM_MODULES_FIELD_MODULECLASS_SFX_DESC" />
				<field name="cache" type="list" default="1" label="COM_MODULES_FIELD_CACHING_LABEL" description="COM_MODULES_FIELD_CACHING_DESC">
					<option	value="1">JGLOBAL_USE_GLOBAL</option>
					<option	value="0">COM_MODULES_FIELD_VALUE_NOCACHING</option>
				</field>
				<field name="cache_time" type="text" default="900" label="COM_MODULES_FIELD_CACHE_TIME_LABEL" description="COM_MODULES_FIELD_CACHE_TIME_DESC" />
				<field	name="cachemode" type="hidden" default="itemid">
					<option	value="itemid"></option>
				</field>
			</fieldset>
			
		</fields>
	</config>
</extension>