<?xml version="1.0" encoding="UTF-8" ?>
<extension type="package" version="1.6">
	<name>Global Note Package</name>
	<packagename>globalnote</packagename>
	<version>1.0</version>
	<url>http://www.sensiple.com</url>
	<packager>Sensiple</packager>
	<packagerurl>http://www.sensiple.com</packagerurl>
	<author>Sensiple</author>
	<creationDate>2014-07-03</creationDate>
	<authorEmail>admin@seniple.com</authorEmail>
	<description>Package of Global note component and Global note module.</description>
	<update></update>
	<files folder="packages">
		<file type="component" 	id="com_globalnote" >com_globalnote.zip</file>
		<file type="module"		id="mod_globalnote" 	client="site">mod_globalnote.zip</file>
	</files>
</extension>