<?xml version="1.0" encoding="UTF-8" ?>
<extension type="package" version="1.6">
	<name>Video Slider Package</name>
	<packagename>videoslider</packagename>
	<version>1.0</version>
	<author>Sensiple</author>
	<authorEmail>admin@seniple.com</authorEmail>
	<creationDate>2014-07-03</creationDate>
	<url>http://www.sensiple.com</url>
	<packager>Sensiple</packager>
	<packagerurl>http://www.sensiple.com</packagerurl>
	<description>Package of Image/Videos slider component and Image/Video slider module.</description>
	<update></update>
	<files folder="packages">
		<file type="component" 	id="com_videoslider" >com_videoslider.zip</file>
		<file type="module"		id="mod_videoslider" client="site">mod_videoslider.zip</file>
	</files>
</extension>