<?xml version="1.0" encoding="utf-8"?>
<extension type="module" version="3.1.0" client="site" method="upgrade">
    <name>Mega Menu</name>
    <author>Sensiple</author>
    <version>1.0</version>
    <description>A simple module that is used for display the mega menu in the frontend.</description>
    <files>
        <filename>mod_megamenu.xml</filename>
        <filename module="mod_megamenu">mod_megamenu.php</filename>
        <filename>index.html</filename>
        <filename>helper.php</filename>
		<folder>tmpl</folder>
    </files>
	<config>
        <fields name="params">
			<fieldset name="basic">
				<field
					name="menutype"
					type="menu"
					label="Select Menu"
					description="Select the menu from the list" />
				<field
					name="startLevel"
					type="list"
					default="1"
					label="Start Level"
					description="Level to start rendering the menu at. Setting the start and end levels to the same # and setting 'Show Sub-menu Items' to yes will only display that single level."
				>
					<option value="1">J1</option>
					<option value="2">J2</option>
					<option value="3">J3</option>
					<option value="4">J4</option>
					<option value="5">J5</option>
					<option value="6">J6</option>
					<option value="7">J7</option>
					<option value="8">J8</option>
					<option value="9">J9</option>
					<option value="10">J10</option>
				</field>

				<field
					name="endLevel"
					type="list"
					default="0"
					label="End Level"
					description="Level to stop rendering the menu at. If you choose 'All', all levels will be shown depending on 'Show Sub-menu Items' setting."
				>
					<option value="0">JALL</option>
					<option value="1">J1</option>
					<option value="2">J2</option>
					<option value="3">J3</option>
					<option value="4">J4</option>
					<option value="5">J5</option>
					<option value="6">J6</option>
					<option value="7">J7</option>
					<option value="8">J8</option>
					<option value="9">J9</option>
					<option value="10">J10</option>
				</field>

				<field
					name="showAllChildren"
					type="radio"
					default="0"
					label="Show Sub-menu Items"
					description="Expand the menu and make its sub-menu items always visible.">
					<option
						value="0">JNO
					</option>
					<option
						value="1">JYES
					</option>
				</field>
			</fieldset>
			
			<fieldset
				name="advanced">
				<field
					name="layout"
					type="modulelayout"
					label="JFIELD_ALT_LAYOUT_LABEL"
					description="JFIELD_ALT_MODULE_LAYOUT_DESC" />

				<field
					name="moduleclass_sfx"
					type="text"
					label="COM_MODULES_FIELD_MODULECLASS_SFX_LABEL"
					description="COM_MODULES_FIELD_MODULECLASS_SFX_DESC" />

				<field
					name="cache"
					type="list"
					default="1"
					label="COM_MODULES_FIELD_CACHING_LABEL"
					description="COM_MODULES_FIELD_CACHING_DESC">
					<option
						value="1">JGLOBAL_USE_GLOBAL
					</option>
					<option
						value="0">COM_MODULES_FIELD_VALUE_NOCACHING
					</option>
				</field>
				<field
					name="cache_time"
					type="text"
					default="900"
					label="COM_MODULES_FIELD_CACHE_TIME_LABEL"
					description="COM_MODULES_FIELD_CACHE_TIME_DESC" />
				<field
					name="cachemode"
					type="hidden"
					default="itemid">
					<option
						value="itemid">
					</option>
				</field>
			</fieldset>
        </fields>
    </config>
</extension>
