<?xml version="1.0" encoding="utf-8"?>
<extension type="module" version="2.5" client="site" method="upgrade">
    <name>Facebook Feeds</name>
    <author>Sensiple</author>
    <creationDate>16 July 2014</creationDate>
    <copyright>Copyright (C) 2014 Sensiple.com. All rights reserved.</copyright>
    <license>http://www.gnu.org/licenses/gpl-2.0.html GNU/GPL</license>
    <authorEmail>admin@sensiple.com</authorEmail>
    <authorUrl>http://www.sensiple.com</authorUrl>
    <version>1.0</version>
    <description><strong>Display Facebook feeds module for Joomla!</strong><br/>Facebook feeds module helps the user to get the feeds (posts type: status, link, photo, video, etc.) from user walls.</description>
    <files>
        <filename module="mod_facebookfeeds">mod_facebookfeeds.php</filename>
		<filename>helper.php</filename>
		<filename>mod_facebookfeeds.xml</filename>
		<filename>index.html</filename>
		<folder>tmpl</folder>
		<folder>assets</folder>
		<folder>resources</folder>
		<folder>src</folder>
    </files>
	<config>
		<fields name="params">
			<fieldset name="basic">
				<field name="type" type="list" validate="options" default="Like Box" label="Type" description="Select the facebook display type from the dropdown">
			   		<option value="a.like_box">Like Box</option>	   
			   		<option value="a.like_btn">Like Button</option>
			 	</field>
				
				<!-- common setting -->
				<field type="spacer" name="post_common_settings" label="Common Settings" />
				<field name="fb_url" type="text"  default="" label="Facebook URL" description="Enter Your facebook URL" />
				<field name="fb_app_id" type="text" default="774479569276470" label="Facebook APP ID" description="Enter the App ID from Facebook" />
				<field name="fb_app_secret" type="text" default="ccfa56fbe0c26d9adb139cbb206b309f" label="Facebook APP Secret" description="Enter the App secret key from Facebook" />
				
				<field name="fb_page_id" type="text" default="194674844095" label="Facebook Page ID" description="Enter the Facebook pagew ID (feed ID)" />
				
				<field name="post_limit" type="text" default="5" label="Post Limit" description="Enter the Post Limit" />
				
			</fieldset>
			
			<fieldset name="like_btn_opt" label="Like Button Options">
				<field name="like_btn_layout" type="list" validate="options" label="Layout" description="Choose the layout of the like button">
	   				<option value="a.standard">Standard</option>
	   				<option value="a.button_count">Button Count</option>
	   				<option value="a.box_count">Box Count</option>
     			</field>
				
				<field name="fb_send" type="radio" class="btn-group" validate="options"	default="0"	label="Show send button" description="This will enable the send button">	  		
					<option value="0">No</option>
					<option value="1">Yes</option>
     			</field>		
			</fieldset>

			<fieldset name="advanced">
				<field name="cache" type="list" default="1" label="Caching" description="Select whether to cache the content of this module">
					<option value="1">Use global</option>
					<option value="0">No caching</option>
				</field>
				<field name="@spacer" type="spacer" label="" />
				<field name="moduleclass_sfx" type="text" default="" label="Module Class Suffix" description="PARAMMODULECLASSSUFFIX" />
			</fieldset>
		</fields>
	</config>
</extension>