<?xml version="1.0" encoding="utf-8"?>
<extension type="module" version="3.1.0" client="site" method="upgrade">
    <name>Scrolling Text</name>
    <author>Sensiple</author>
    <version>1.0</version>
    <description>A simple module that is used for display the scrolling text.</description>
    <files>
        <filename>mod_scrolling_text.xml</filename>
        <filename module="mod_scrolling_text">mod_scrolling_text.php</filename>
        <filename>index.html</filename>
        <filename>tmpl/default.php</filename>
        <filename>tmpl/index.html</filename>
    </files>
	<config>
        <fields name="params">
			<fieldset name="basic">
				<field name="scroll_text" type="editor"
					description="Enter the text to scroll in the website."
					label="Text"
					filter="raw"
					width="300"
					height="200"
				/>
				<field name="animation_speed" type="text"  default="" label="Animation Speed" description="Enter the animation speed" />
				
			</fieldset>
            <fieldset name="advanced">
                <field
                        name="layout"
                        type="modulelayout"
                        label="JFIELD_ALT_LAYOUT_LABEL"
                        description="JFIELD_ALT_MODULE_LAYOUT_DESC"/>
                <field
                        name="moduleclass_sfx"
                        type="text"
                        label="COM_MODULES_FIELD_MODULECLASS_SFX_LABEL"
                        description="COM_MODULES_FIELD_MODULECLASS_SFX_DESC"/>                
            </fieldset>
        </fields>
    </config>
</extension>
