<?xml version="1.0" encoding="UTF-8" ?>
<extension type="package" version="1.6">
	<name>Trending Package</name>
	<packagename>trending</packagename>
	<version>1.0</version>
	<url>http://www.sensiple.com</url>
	<packager>Sensiple</packager>
	<packagerurl>http://www.sensiple.com</packagerurl>
	<author>Sensiple</author>
	<creationDate>2014-07-03</creationDate>
	<authorEmail>admin@seniple.com</authorEmail>
	<description>Package of Trending component and Trending module.</description>
	<update></update>
	<files folder="packages">
		<file type="component" 	id="com_trending" >com_trending.zip</file>
		<file type="module"		id="mod_trending" 	client="site">mod_trending.zip</file>
	</files>
</extension>