<?xml version="1.0" encoding="utf-8"?>
<!DOCTYPE install PUBLIC "-//Joomla! 1.7//DTD template 1.0//EN" "http://www.joomla.org/xml/dtd/1.7/template-install.dtd">
<extension version="1.7" type="template" client="site">
    <name>City Of Omaha</name>
    <version>1.0</version>
    <creationDate>07-07-2014</creationDate>
    <author>Sensiple</author>
    <authorUrl>http://www.sensiple.com</authorUrl>
    <copyright>2014</copyright>
	<description><p>Custom template for City Of Omaha website.</p></description>
	<files>
		<filename>index.php</filename>
		<filename>favicon.ico</filename>
		<filename>template_thumbnail.png</filename>
		<filename>templateDetails.xml</filename>
		<folder>html</folder>
		<folder>css</folder>
		<folder>images</folder>
		<folder>js</folder>
	</files>
	<positions>
		<position>global_note</position>
		<position>mobile_menu</position>
		<position>top_menu</position>
		<position>howdoimenu</position>
		<position>search</position>
		<position>trends</position>
		<position>translator</position>
		<position>news_slider</position>
		<position>social_icons</position>
		<position>header_menu</position>
		<position>main_menu</position>
		<position>callout_1</position>
		<position>callout_2</position>
		<position>callout_3</position>
		<position>social_share</position>
		<position>left_menu</position>
		<position>locator</position>
		<position>weather</position>
		<position>content_bottom</position>
		<position>news_information</position>
		<position>video_slider</position>
		<position>footer_address</position>
		<position>omaha_logo</position>
		<position>phone_number</position>
	</positions>
	<config>
		<fields name="params">
			<fieldset name="basic">
				<field name="logoimage" class="" type="media" default=""
					label="Logo"
					description="Upload a Logo image for the site template. If left blank the Default, the default logo will be used." />
				
				<field name="sitetitle"  type="text" default="City of Omaha"
					label="Site Title"
					description="Page title of the site"
					filter="raw" />
				
				<field name="subtitle"  type="text" default="Omaha, Nebraska"
					label="Sub Title"
					description="Sub title of the site"
					filter="string" />
				
				<field name="bgimage" class="" type="media" default=""
					label="Template Background Image"
					description="Upload a custom background image for the site template. If left blank the Default, the default image will be used." />
				
				<field name="templateBackgroundColor" class="" type="color" default="#121911"
					label="Template Background Colour"
					description="Choose a background colour for static layouts. If left blank the Default (#121911) is used." />
			</fieldset>
		</fields>
	</config>
</extension>