<?xml version="1.0" encoding="utf-8"?>
<extension type="module" version="1.0.0">
	<name>ESB Search</name> 
    <author>Sensiple</author> 
    <creationDate>2014-07-22</creationDate> 
	<copyright>All rights reserved.</copyright> 
 	<authorEmail>admin@seniple.com</authorEmail> 
  	<authorUrl>http://www.sensiple.com</authorUrl> 
 	<version>1.0</version> 
 	<description>ESB Search - This module is used to search the ESB records based on the form input and display the records in the table form. Also, provided an option to print as PDF.</description>
 	
    <!-- Listing of all files that should be installed for the module to function -->
    <files>
    	<filename module="mod_esb_search">mod_esb_search.php</filename>
        <filename>index.html</filename>
		<filename>helper.php</filename>
        <folder>tmpl/</folder>
		<folder>js</folder>
		<folder>themes</folder>
		<folder>css</folder>
		<folder>images</folder>
 	</files>
	<config>
		<fields name="params">
			<fieldset name="basic">
                <field name="display_type" type="radio" label="Display Type" description="Please select the display type of this module" default="slider">
                    <option value="search_form">Search Form</option>
                    <option value="details">Details</option>
                </field>
				<field type="spacer" name="post_database_settings" label="Database Settings" />
				<field name="db_hostname" type="text"  default="" label="Host Name" description="Enter the Database Host Name" />
				<field name="db_port" type="text"  default="" label="Port" description="Enter the Database Port Number" />
				<field name="db_name" type="text"  default="" label="Database Name" description="Enter the Database Name" />
				<field name="db_user" type="text"  default="" label="Database Username" description="Enter the Database Username" />
				<field name="db_password" type="password"  default="" label="Database Password" description="Enter the Database Password" />
            </fieldset>
			
			<fieldset name="advanced">
				<field name="moduleclass_sfx" type="text" label="COM_MODULES_FIELD_MODULECLASS_SFX_LABEL" description="COM_MODULES_FIELD_MODULECLASS_SFX_DESC" />
                <field name="cache" type="list" default="1" label="COM_MODULES_FIELD_CACHING_LABEL" description="COM_MODULES_FIELD_CACHING_DESC">
                    <option value="1">JGLOBAL_USE_GLOBAL</option>
                    <option value="0">COM_MODULES_FIELD_VALUE_NOCACHING</option>
                </field>
                <field name="cache_time" type="text" default="900" label="COM_MODULES_FIELD_CACHE_TIME_LABEL" description="COM_MODULES_FIELD_CACHE_TIME_DESC" />

			</fieldset>
		</fields>
	</config>
</extension>