<?xml version="1.0" encoding="utf-8"?>
<extension type="module" version="1.6.0" client="site" method="upgrade">
	<name>Image Slideshow</name>
	<author>sensiple.com</author>
	<creationDate>2013-10-08</creationDate>
	<copyright>Copyright 2013 by Sensiple</copyright>
	<license>GNU General Public License version 2 or later</license>
	<version>3.1.5</version>
	<description>Image slideshow along with description and link.</description>
	<files>
		<filename module="mod_slideshow">mod_slideshow.php</filename>
		<filename>index.html</filename>
		<filename>mod_slideshow.xml</filename>
		<folder>tmpl</folder>
	</files>
	<languages>
		<language tag="en-GB">en-GB.mod_slideshow.ini</language>
	</languages>
	
	<config>
		<fields name="params">
			<fieldset name="basic">
				<field name="moduleclass_sfx" type="text" default="" label="Module Class Suffix" description="PARAMMODULECLASSSUFFIX" />
				<field name="displayNames" type="list" default="1" label="LABEL NAMES" description="DESC NAMES">
					<option value="1">Enable</option>
					<option value="0">Disable</option>
				</field>
				<field name="displayDesc" type="list" default="1" label="LABEL DESC" description="DESC DESC">
					<option value="1">Enable</option>
					<option value="0">Disable</option>
				</field>
				<field name="displayLink" type="list" default="1" label="LABEL SHOW LINK" description="DESC SHOW LINK">
					<option value="1">Enable</option>
					<option value="0">Disable</option>
				</field>
				<field name="linkNewWindow" type="list" default="0" label="LABEL LINK NEW WINDOW" description="DESC LINK NEW WINDOW">
					<option value="1">Enable</option>
					<option value="0">Disable</option>
				</field>
				<field name="@spacer" type="spacer" default="" label="" description="" />
				<field name="imageFolder" type="text" default="images/stories" label="LABEL FOLDER" description="DESC FOLDER" />
				<field name="@spacer" type="spacer" default="" label="" description="" />
				
				<field type="spacer" default="Image 1" />
				<field name="image1" type="text" default="" label="Image Name 1" description="DESC IMAGE" />
				<field name="image1title" type="text" default="" label="Image Title 1" description="DESC IMAGE TITLE" />
				<field name="image1link" type="text" default="" label="Link 1" description="DESC IMAGE LINK" />
				<field name="image1alt" type="text" default="" label="Alt 1" description="Image 1 Alt Description" />
				
				<field type="spacer" default="Image 2" />
				<field name="image2" type="text" default="" label="Image Name 2" description="DESC IMAGE" />
				<field name="image2title" type="text" default="" label="Image Title 2" description="DESC IMAGE TITLE" />
				<field name="image2link" type="text" default="" label="Link 2" description="DESC IMAGE LINK" />
				<field name="image2alt" type="text" default="" label="Alt 2" description="Image 2 Alt Description" />
				
				<field type="spacer" default="Image 3" />
				<field name="image3" type="text" default="" label="Image Name 3" description="DESC IMAGE" />
				<field name="image3title" type="text" default="" label="Image Title 3" description="DESC IMAGE TITLE" />
				<field name="image3link" type="text" default="" label="Link 3" description="DESC IMAGE LINK" />
				<field name="image3alt" type="text" default="" label="Alt 3" description="Image 3 Alt Description" />
				
				<field type="spacer" default="Image 4" />
				<field name="image4" type="text" default="" label="Image Name 4" description="DESC IMAGE" />
				<field name="image4title" type="text" default="" label="Image Title 4" description="DESC IMAGE TITLE" />
				<field name="image4link" type="text" default="" label="Link 4" description="DESC IMAGE LINK" />
				<field name="image4alt" type="text" default="" label="Alt 4" description="Image 4 Alt Description" />
				
				<field type="spacer" default="Image 5" />
				<field name="image5" type="text" default="" label="Image Name 5" description="DESC IMAGE" />
				<field name="image5title" type="text" default="" label="Image Title 5" description="DESC IMAGE TITLE" />
				<field name="image5link" type="text" default="" label="Link 5" description="DESC IMAGE LINK" />
				<field name="image5alt" type="text" default="" label="Alt 5" description="Image 5 Alt Description" />
			</fieldset>
		</fields>
	</config>
</extension>
