<?xml version="1.0" encoding="utf-8"?>
<extension type="component" version="3.0.0" method="upgrade">
 
        <name>COM_EVENTREGISTER</name>
        <!-- The following elements are optional and free of formatting constraints -->
        <creationDate>16 Nov 2016</creationDate>
        <author>Sensiple</author>
        <authorEmail>admin@sensiple.com</authorEmail>
        <copyright>Copyright © 2016 - All rights reserved.</copyright>
        <license>GNU/GPL</license>
        <!--  The version string is recorded in the components table -->
        <version>1.0.0</version>
        <!-- The description is optional and defaults to the name -->
        <!-- <description>COM_EVENTREGISTER_DESCRIPTION</description> -->
 
		<install> <!-- Runs on install -->
                <sql>
                        <file driver="mysql" charset="utf8">sql/install.mysql.utf8.sql</file>
                </sql>
        </install>
        <uninstall> <!-- Runs on uninstall -->
                <sql>
                        <file driver="mysql" charset="utf8">sql/uninstall.mysql.utf8.sql</file>
                </sql>
        </uninstall>
 
        <!-- Site Main File Copy Section -->
        <!-- Note the folder attribute: This attribute describes the folder
                to copy FROM in the package to install therefore files copied
                in this section are copied from /site/ in the package -->
        <files folder="site">
                <filename>index.html</filename>
                <filename>eventregister.php</filename>
                <filename>controller.php</filename>
				<filename>router.php</filename>
                <folder>views</folder>
				<folder>models</folder>
				<folder>language</folder>
        </files>
		
		<media folder="media" destination="com_eventregister">
			<filename>index.html</filename>
			<folder>images</folder>
			<folder>css</folder>
			<folder>js</folder>
		</media>
		
        <administration>
                <menu img="../media/com_eventregister/images/eventregister-16.png">COM_EVENTREGISTER_MENU</menu>
                <!-- Administration Main File Copy Section -->
                <!-- Note the folder attribute: This attribute describes the folder
                        to copy FROM in the package to install therefore files copied
                        in this section are copied from /admin/ in the package -->
                <files folder="admin">
                        <!-- Admin Main File Copy Section -->
                        <filename>index.html</filename>
                        <filename>eventregister.php</filename>
						<filename>controller.php</filename>
                        <folder>sql</folder>
						<folder>tables</folder>
						<folder>models</folder>
						<folder>views</folder>
						<folder>controllers</folder>
				</files>
				<languages folder="admin">
                       <language tag="en-GB">language/en-GB/en-GB.com_eventregister.ini</language>
                        <language tag="en-GB">language/en-GB/en-GB.com_eventregister.sys.ini</language>
                </languages>
        </administration>
</extension>