<?xml version="1.0" encoding="utf-8"?>
<extension type="module" version="3.1.0" client="site" method="upgrade">
    <name>Precinct Locator</name>
    <author>Sensiple</author>
    <version>1.0</version>
    <description>A simple module that is used for display the precinct locator map.</description>
    <files>
        <filename>mod_locator.xml</filename>
        <filename module="mod_locator">mod_locator.php</filename>
        <filename>index.html</filename>
        <filename>tmpl/default.php</filename>
        <filename>tmpl/index.html</filename>
    </files>
	<config>
        <fields name="params">
			<fieldset name="basic">
				<field name="map_url" type="text"
					description="Enter the precinct locator map url"
					label="URL"
					size="30"
				/>
				<field name="map_picture" label="Map Picture"
					description="Upload the map picture that you want to display on the callout" type="media" directory="locator" />
			</fieldset>
            <fieldset name="advanced">
                <field
                        name="layout"
                        type="modulelayout"
                        label="JFIELD_ALT_LAYOUT_LABEL"
                        description="JFIELD_ALT_MODULE_LAYOUT_DESC"/>
                <field
                        name="moduleclass_sfx"
                        type="text"
                        label="COM_MODULES_FIELD_MODULECLASS_SFX_LABEL"
                        description="COM_MODULES_FIELD_MODULECLASS_SFX_DESC"/>                
            </fieldset>
        </fields>
    </config>
</extension>
