<?xml version="1.0" encoding="UTF-8" ?>
<extension type="package" version="1.6">
	<name>Text Slider Package</name>
	<packagename>textslider</packagename>
	<version>1.0</version>
	<url>http://www.sensiple.com</url>
	<packager>Sensiple</packager>
	<packagerurl>http://www.sensiple.com</packagerurl>
	<author>Sensiple</author>
	<creationDate>2014-04-07</creationDate>
	<authorEmail>admin@seniple.com</authorEmail>
	<description>Package of Text Slider component and Text Slider module.</description>
	<update></update>
	<files folder="packages">
		<file type="component" 	id="com_textslider" >com_textslider.zip</file>
		<file type="module"		id="mod_textslider" client="site">mod_textslider.zip</file>
	</files>
</extension>