<?xml version="1.0" encoding="utf-8"?>
<extension type="component" version="2.5" method="upgrade">
	<name>com_event_registration</name>
	<creationDate>07 Nov 2016</creationDate>
	<author>Sensiple</author>
	<copyright>Copyright (C) 2016 sensiple.com</copyright>
	<license>http://www.gnu.org/licenses/gpl-2.0.html GNU/GPL</license>
	<authorEmail>admin@sensiple.com</authorEmail>
	<authorUrl>http://www.sensiple.com</authorUrl>
	<version>1.0</version>
	<description>COM_EVENT_REGISTRATION_INSTALLATION_DESCRIPTION</description>

	<files folder="site">
		<filename>event_registration.php</filename>
		<filename>controller.php</filename>
		<filename>factory.php</filename>
		<filename>router.php</filename>
		<filename>index.html</filename>

		<folder>classes</folder>
		<folder>common</folder>
		<folder>controllers</folder>
		<folder>helpers</folder>
		<folder>models</folder>
		<folder>views</folder>
		<folder>language</folder>
	</files>
	
	<languages folder="site/language">
		<language tag="en-GB">language/en-GB/en-GB.com_event_registration.ini</language>
	</languages>
	
	<media folder="media" destination="com_event_registration">
		<filename>index.html</filename>
		<folder>images</folder>
		<folder>css</folder>
		<folder>js</folder>
	</media>

	<install>
		<sql>
			<file driver="mysql" charset="utf8">sql/install.mysql.utf8.sql</file>
		</sql>
	</install>

	<uninstall>
		<sql>
			<file driver="mysql" charset="utf8">sql/uninstall.mysql.utf8.sql</file>
		</sql>
	</uninstall>

	<administration>
		<menu img="../media/com_event_registration/images/event_registration.png" link="option=com_event_registration">COM_EVENT_REGISTRATION</menu>

		<files folder="admin">
			<filename>event_registration.php</filename>
			<filename>controller.php</filename>
			<filename>index.html</filename>
			
			<folder>controllers</folder>
			<folder>language</folder>
			<folder>models</folder>
			<folder>sql</folder>
			<folder>tables</folder>
			<folder>views</folder>
		</files>
		
		<!-- Admin Language Files -->
		<languages folder="administrator">
			<language tag="en-GB">language/en-GB/en-GB.com_event_registration.ini</language>
			<language tag="en-GB">language/en-GB/en-GB.com_event_registration.sys.ini</language>
		</languages>
	</administration>

</extension>